title,year,rating,poster,media_type,country,note
In the Name of the Father,1993,8.1,https://m.media-amazon.com/images/M/MV5BMGZiZDVjNzYtZWM4ZC00MzVkLThhNDEtMDJlOTBhYzVjMmNhXkEyXkFqcGc@._V1_SX300.jpg,movie,"Ireland, United Kingdom, United States",
Titanic,1997,7.9,https://m.media-amazon.com/images/M/MV5BYzYyN2FiZmUtYWYzMy00MzViLWJkZTMtOGY1ZjgzNWMwN2YxXkEyXkFqcGc@._V1_SX300.jpg,movie,"United States, Mexico",
The Shawshank Redemption,1994,9.3,https://m.media-amazon.com/images/M/MV5BMDAyY2FhYjctNDc5OS00MDNlLThiMGUtY2UxYWVkNGY2ZjljXkEyXkFqcGc@._V1_SX300.jpg,movie,United States,
The Godfather,1972,9.2,https://m.media-amazon.com/images/M/MV5BNGEwYjgwOGQtYjg5ZS00Njc1LTk2ZGEtM2QwZWQ2NjdhZTE5XkEyXkFqcGc@._V1_SX300.jpg,movie,United States,
The Dark Knight,2008,9.0,https://m.media-amazon.com/images/M/MV5BMTMxNTMwODM0NF5BMl5BanBnXkFtZTcwODAyMTk2Mw@@._V1_SX300.jpg,movie,"United States, United Kingdom",
Schindler's List,1993,9.0,https://m.media-amazon.com/images/M/MV5BNjM1ZDQxYWUtMzQyZS00MTE1LWJmZGYtNGUyNTdlYjM3ZmVmXkEyXkFqcGc@._V1_SX300.jpg,movie,United States,
Forrest Gump,1994,8.8,https://m.media-amazon.com/images/M/MV5BNDYwNzVjMTItZmU5YS00YjQ5LTljYjgtMjY2NDVmYWMyNWFmXkEyXkFqcGc@._V1_SX300.jpg,movie,United States,
Pulp Fiction,1994,8.9,https://m.media-amazon.com/images/M/MV5BYTViYTE3ZGQtNDBlMC00ZTAyLTkyODMtZGRiZDg0MjA2YThkXkEyXkFqcGc@._V1_SX300.jpg,movie,United States,
The Matrix,1999,8.7,https://m.media-amazon.com/images/M/MV5BN2NmN2VhMTQtMDNiOS00NDlhLTliMjgtODE2ZTY0ODQyNDRhXkEyXkFqcGc@._V1_SX300.jpg,movie,"United States, Australia",
Fight Club,1999,8.8,https://m.media-amazon.com/images/M/MV5BOTgyOGQ1NDItNGU3Ny00MjU3LTg2YWEtNmEyYjBiMjI1Y2M5XkEyXkFqcGc@._V1_SX300.jpg,movie,"Germany, United States",
Bill,2015,6.6,https://m.media-amazon.com/images/M/MV5BOTQ1YmQ0OWItZmEyYS00ZWQ3LWFjNDgtMzUyZjNiZDkxMjRjXkEyXkFqcGc@._V1_SX300.jpg,movie,United Kingdom,
Inception,2010,8.8,https://m.media-amazon.com/images/M/MV5BMjAxMzY3NjcxNF5BMl5BanBnXkFtZTcwNTI5OTM0Mw@@._V1_SX300.jpg,movie,"United States, United Kingdom",
Interstellar,2014,8.7,https://m.media-amazon.com/images/M/MV5BYzdjMDAxZGItMjI2My00ODA1LTlkNzItOWFjMDU5ZDJlYWY3XkEyXkFqcGc@._V1_SX300.jpg,movie,"United States, United Kingdom, Canada",
Ex Machina,2014,7.7,https://m.media-amazon.com/images/M/MV5BMTUxNzc0OTIxMV5BMl5BanBnXkFtZTgwNDI3NzU2NDE@._V1_SX300.jpg,movie,"United Kingdom, United States",
The Jerk,1979,7.1,https://m.media-amazon.com/images/M/MV5BNTNiNjEwZjktNTZjMi00NWMyLThkZWYtODVkMDVhNGVkZDcxXkEyXkFqcGc@._V1_SX300.jpg,movie,United States,
The Grand Budapest Hotel,2014,8.1,https://m.media-amazon.com/images/M/MV5BMzM5NjUxOTEyMl5BMl5BanBnXkFtZTgwNjEyMDM0MDE@._V1_SX300.jpg,movie,"United States, Germany",
Parasite,2019,8.5,https://m.media-amazon.com/images/M/MV5BYjk1Y2U4MjQtY2ZiNS00OWQyLWI3MmYtZWUwNmRjYWRiNWNhXkEyXkFqcGc@._V1_SX300.jpg,movie,South Korea,
Whiplash,2014,8.5,https://m.media-amazon.com/images/M/MV5BMDFjOWFkYzktYzhhMC00NmYyLTkwY2EtYjViMDhmNzg0OGFkXkEyXkFqcGc@._V1_SX300.jpg,movie,United States,
Blade Runner 2049,2017,8.0,https://m.media-amazon.com/images/M/MV5BNzA1Njg4NzYxOV5BMl5BanBnXkFtZTgwODk5NjU3MzI@._V1_SX300.jpg,movie,"United States, United Kingdom, Canada, Spain",
Mad Max: Fury Road,2015,8.1,https://m.media-amazon.com/images/M/MV5BZDRkODJhOTgtOTc1OC00NTgzLTk4NjItNDgxZDY4YjlmNDY2XkEyXkFqcGc@._V1_SX300.jpg,movie,"Australia, United States",
The Social Network,2010,7.8,https://m.media-amazon.com/images/M/MV5BMjlkNTE5ZTUtNGEwNy00MGVhLThmZjMtZjU1NDE5Zjk1NDZkXkEyXkFqcGc@._V1_SX300.jpg,movie,United States,
The Silence of the Lambs,1991,8.6,https://m.media-amazon.com/images/M/MV5BNDdhOGJhYzctYzYwZC00YmI2LWI0MjctYjg4ODdlMDExYjBlXkEyXkFqcGc@._V1_SX300.jpg,movie,United States,
Django Unchained,2012,8.5,https://m.media-amazon.com/images/M/MV5BMjIyNTQ5NjQ1OV5BMl5BanBnXkFtZTcwODg1MDU4OA@@._V1_SX300.jpg,movie,United States,
Gladiator,2000,8.5,https://m.media-amazon.com/images/M/MV5BYWQ4YmNjYjEtOWE1Zi00Y2U4LWI4NTAtMTU0MjkxNWQ1ZmJiXkEyXkFqcGc@._V1_SX300.jpg,movie,"United States, United Kingdom, Malta, Morocco",
The West Wing,1999–2006,8.9,https://m.media-amazon.com/images/M/MV5BY2I2Mzc0YjItN2I3MS00NjNjLWE5OWUtYmQzMjkxZjIwOGY5XkEyXkFqcGc@._V1_SX300.jpg,series,United States,
Mr. Robot,2015–2019,8.5,https://m.media-amazon.com/images/M/MV5BOTg4NTBiZDAtZTc0YS00NzZlLTg4Y2ItNGQ3M2ZlMDM5MWQzXkEyXkFqcGc@._V1_SX300.jpg,series,United States,
The Lion King,1994,8.5,https://m.media-amazon.com/images/M/MV5BZGRiZDZhZjItM2M3ZC00Y2IyLTk3Y2MtMWY5YjliNDFkZTJlXkEyXkFqcGc@._V1_SX300.jpg,movie,United States,
Frozen,2013,7.4,https://m.media-amazon.com/images/M/MV5BMTQ1MjQwMTE5OF5BMl5BanBnXkFtZTgwNjk3MTcyMDE@._V1_SX300.jpg,movie,United States,
Robin Hood,2010,6.6,https://m.media-amazon.com/images/M/MV5BMTM5NzcwMzEwOF5BMl5BanBnXkFtZTcwNjg5MTgwMw@@._V1_SX300.jpg,movie,"United States, United Kingdom",
Magnolia,1999,8.0,https://m.media-amazon.com/images/M/MV5BOWY0Zjk1YTMtMGFlYi00OTFmLWEyOTAtNmRkYjE0ZDJiZWMwXkEyXkFqcGc@._V1_SX300.jpg,movie,United States,
Finding Nemo,2003,8.2,https://m.media-amazon.com/images/M/MV5BMTc5NjExNTA5OV5BMl5BanBnXkFtZTYwMTQ0ODY2._V1_SX300.jpg,movie,"United States, Japan",
Terminator 2: Judgment Day,1991,8.6,https://m.media-amazon.com/images/M/MV5BNGMyMGNkMDUtMjc2Ni00NWFlLTgyODEtZTY2MzBiZTg0OWZiXkEyXkFqcGc@._V1_SX300.jpg,movie,"United States, France",
"I, Robot",2004,7.1,https://m.media-amazon.com/images/M/MV5BZDdhNTY3YTgtYmQwMC00MjM1LTgzYzMtMGM1N2E0NWM1NDlkXkEyXkFqcGc@._V1_SX300.jpg,movie,"United States, Germany",Favourite movie!
A Fish Called Wanda,1988,7.5,https://m.media-amazon.com/images/M/MV5BNjFhZDg1ZmEtYmI0Ny00MjM3LWIxNzItMzU1MzczZTljMTkxXkEyXkFqcGc@._V1_SX300.jpg,movie,"United Kingdom, United States",
Pineapple Express,2008,6.9,https://m.media-amazon.com/images/M/MV5BMTY1MTE4NzAwM15BMl5BanBnXkFtZTcwNzg3Mjg2MQ@@._V1_SX300.jpg,movie,United States,
Q,2023,7.4,https://m.media-amazon.com/images/M/MV5BNDVmNjQwY2YtYzJlYS00ODllLTg2MDAtMmQ3NzMyYTdiYjIxXkEyXkFqcGc@._V1_SX300.jpg,movie,"Lebanon, United States",
The Little Mermaid,1989,7.6,https://m.media-amazon.com/images/M/MV5BNmQ3ODcyZGMtMjNlOS00YzhlLTg0YzAtZGVjNmQ0OTYyNDg0XkEyXkFqcGc@._V1_SX300.jpg,movie,United States,
Little Mermaid,2016,4.1,https://m.media-amazon.com/images/M/MV5BNjQ0NTg0MzY5NF5BMl5BanBnXkFtZTgwOTgxOTU2NzE@._V1_SX300.jpg,movie,United States,
Deti 90-kh,2015,N/A,https://m.media-amazon.com/images/M/MV5BNDc3MjU2NDEtN2Q0OC00NTM4LTkwNzctZTI2NTk3ZDQ5OWUxXkEyXkFqcGdeQXVyOTM5NjQ0Mjg@._V1_SX300.jpg,movie,Russia,
Free Willy,1993,6.0,https://m.media-amazon.com/images/M/MV5BNjY4NDJhOTMtZmVjMC00Njk5LThjOWItMjg4NDcxMmNkODM3XkEyXkFqcGc@._V1_SX300.jpg,movie,"France, United States",
The Ultimate 'WALL-E' Recap Cartoon,2022,N/A,https://m.media-amazon.com/images/M/MV5BMTY5Yjc1YzUtMjkxMS00YTY3LThkOTAtZGI0ODFlN2Y3OGJjXkEyXkFqcGc@._V1_SX300.jpg,movie,Netherlands,
The Matrix Reloaded,2003,7.2,https://m.media-amazon.com/images/M/MV5BNjAxYjkxNjktYTU0YS00NjFhLWIyMDEtMzEzMTJjMzRkMzQ1XkEyXkFqcGc@._V1_SX300.jpg,movie,United States,
Tenet,2020,7.3,https://m.media-amazon.com/images/M/MV5BMTU0ZjZlYTUtYzIwMC00ZmQzLWEwZTAtZWFhMWIwYjMxY2I3XkEyXkFqcGc@._V1_SX300.jpg,movie,"United States, United Kingdom",
Oppenheimer,2023,8.3,https://m.media-amazon.com/images/M/MV5BN2JkMDc5MGQtZjg3YS00NmFiLWIyZmQtZTJmNTM5MjVmYTQ4XkEyXkFqcGc@._V1_SX300.jpg,movie,"United States, United Kingdom",Need to watch
